{
    "loss": 2.0474159717559814,
    "accuracy": 0.8396905660629272
}